SampleName;Marker;Allele1;Allele2;Allele3;Allele4;Allele5;Height1;Height2;Height3;Height4;Height5
stain99;D3S1358;14;15;16;18;;138;401;1190;350;
stain99;TH01;8;9;9.3;;;233;618;768;;
stain99;D21S11;28;29;30;;;310;574;644;;
stain99;D18S51;14;16;;;;217;852;;;
stain99;D10S1248;13;14;;;;1703;1057;;;
stain99;D1S1656;12;16.3;17;17.3;18.3;502;128;309;231;166
stain99;D2S1338;18;20;;;;412;1144;;;
stain99;D16S539;12;13;9;;;154;358;319;;
stain99;D22S1045;11;15;16;;;432;1157;1051;;
stain99;VWA;15;16;17;20;;581;352;428;452;
stain99;D8S1179;11;12;13;;;521;357;460;;
stain99;FGA;20;21;22;25;;315;257;125;294;
stain99;D2S441;10;11;11.3;14;15;699;525;505;194;668
stain99;D12S391;15;18;20;23;;331;553;1005;101;
stain99;D19S433;13;14;16;;;318;481;247;;
stain99;SE33;14;21.2;28.2;;;110;186;316;;
