SampleName;Marker;Allele1;Allele2;Allele3;Allele4;Height1;Height2;Height3;Height4
stain43;D3S1358;14;15;16;;986;670;187;
stain43;TH01;9;9.3;;;137;1478;;
stain43;D21S11;29;30;;;739;202;;
stain43;D18S51;12;16;;;279;301;;
stain43;D10S1248;13;14;;;1435;894;;
stain43;D1S1656;12;15.3;17;17.3;141;644;260;510
stain43;D2S1338;20;;;;958;;;
stain43;D16S539;11;13;;;232;234;;
stain43;D22S1045;11;15;16;;1061;191;987;
stain43;VWA;15;16;17;;223;449;1004;
stain43;D8S1179;11;12;13;;120;1005;179;
stain43;FGA;21;22;;;323;244;;
stain43;D2S441;10;11;11.3;;1008;663;170;
stain43;D12S391;18;23;;;617;531;;
stain43;D19S433;13;14;16;;696;101;222;
stain43;SE33;14;18;;;210;104;;
