SampleName;Marker;Allele1;Allele2;Allele3;Allele4;Allele5;Allele6;Height1;Height2;Height3;Height4;Height5;Height6
R1_R2_U;D3S1358;14;15;16;17;;;433;446;476;237;;
R1_R2_U;TH01;7;9;9.3;;;;388;226;1229;;;
R1_R2_U;D21S11;28;29;30;32;;;247;1389;503;186;;
R1_R2_U;D18S51;12;15;16;;;;344;573;678;;;
R1_R2_U;D10S1248;13;14;15;16;;;1102;866;453;281;;
R1_R2_U;D1S1656;12;15.3;17;17.3;18.3;;311;235;107;868;484;
R1_R2_U;D2S1338;17;18;20;24;;;182;307;1169;429;;
R1_R2_U;D16S539;11;12;13;9;;;655;730;273;184;;
R1_R2_U;D22S1045;11;15;16;;;;728;671;532;;;
R1_R2_U;VWA;15;16;17;20;;;810;786;652;451;;
R1_R2_U;D8S1179;12;13;14;;;;1169;151;671;;;
R1_R2_U;FGA;20;21;22;23;25;;169;196;532;205;358;
R1_R2_U;D2S441;10;11;11.3;15;;;635;506;189;550;;
R1_R2_U;D12S391;18;20;21;23;;;1222;148;141;683;;
R1_R2_U;D19S433;13;14;;;;;807;908;;;;
R1_R2_U;SE33;14;18;21.2;27.2;28.2;31.2;332;452;132;257;187;180
R1_U_U;D3S1358;14;15;16;;;;1322;110;771;;;
R1_U_U;TH01;9;9.3;;;;;1313;510;;;;
R1_U_U;D21S11;28;29;30;;;;699;747;297;;;
R1_U_U;D18S51;12;15;16;18;;;179;344;593;481;;
R1_U_U;D10S1248;13;14;16;;;;1316;308;505;;;
R1_U_U;D1S1656;11;12;14;15.3;17;17.3;255;359;391;106;259;248
R1_U_U;D2S1338;18;20;25;;;;171;1173;456;;;
R1_U_U;D16S539;11;13;9;;;;687;503;481;;;
R1_U_U;D22S1045;11;15;16;;;;779;1180;320;;;
R1_U_U;VWA;14;15;16;17;20;;843;331;148;167;399;
R1_U_U;D8S1179;12;13;14;;;;261;216;617;;;
R1_U_U;FGA;19;20;21;22;25;;353;220;177;645;109;
R1_U_U;D2S441;10;11;11.3;14;15;;244;737;240;423;289;
R1_U_U;D12S391;17;18;20;23;;;1144;452;167;190;;
R1_U_U;D19S433;13;14;15;16;;;370;506;536;188;;
R1_U_U;SE33;14;18;21.2;28.2;;;162;474;110;608;;
R2_U_U;D3S1358;14;15;16;18;;;138;401;1190;350;;
R2_U_U;TH01;8;9;9.3;;;;233;618;768;;;
R2_U_U;D21S11;28;29;30;;;;310;574;644;;;
R2_U_U;D18S51;14;16;;;;;217;852;;;;
R2_U_U;D10S1248;13;14;;;;;1703;1057;;;;
R2_U_U;D1S1656;12;16.3;17;17.3;18.3;;502;128;309;231;166;
R2_U_U;D2S1338;18;20;;;;;412;1144;;;;
R2_U_U;D16S539;12;13;9;;;;154;358;319;;;
R2_U_U;D22S1045;11;15;16;;;;432;1157;1051;;;
R2_U_U;VWA;15;16;17;20;;;581;352;428;452;;
R2_U_U;D8S1179;11;12;13;;;;521;357;460;;;
R2_U_U;FGA;20;21;22;25;;;315;257;125;294;;
R2_U_U;D2S441;10;11;11.3;14;15;;699;525;505;194;668;
R2_U_U;D12S391;15;18;20;23;;;331;553;1005;101;;
R2_U_U;D19S433;13;14;16;;;;318;481;247;;;
R2_U_U;SE33;14;21.2;28.2;;;;110;186;316;;;
R1_U;D3S1358;14;15;16;;;;986;670;187;;;
R1_U;TH01;9;9.3;;;;;137;1478;;;;
R1_U;D21S11;29;30;;;;;739;202;;;;
R1_U;D18S51;12;16;;;;;279;301;;;;
R1_U;D10S1248;13;14;;;;;1435;894;;;;
R1_U;D1S1656;12;15.3;17;17.3;;;141;644;260;510;;
R1_U;D2S1338;20;;;;;;958;;;;;
R1_U;D16S539;11;13;;;;;232;234;;;;
R1_U;D22S1045;11;15;16;;;;1061;191;987;;;
R1_U;VWA;15;16;17;;;;223;449;1004;;;
R1_U;D8S1179;11;12;13;;;;120;1005;179;;;
R1_U;FGA;21;22;;;;;323;244;;;;
R1_U;D2S441;10;11;11.3;;;;1008;663;170;;;
R1_U;D12S391;18;23;;;;;617;531;;;;
R1_U;D19S433;13;14;16;;;;696;101;222;;;
R1_U;SE33;14;18;;;;;210;104;;;;
